INSERT INTO public.country(name) VALUES ('Россия');
INSERT INTO public.country(name) VALUES ('Испания');
INSERT INTO public.country(name) VALUES ('Бали');
INSERT INTO public.country(name) VALUES ('Тайланд');
INSERT INTO public.country(name) VALUES ('Китай');

INSERT INTO public.city(name, country) VALUES ('Санкт-Петерург', 1);
INSERT INTO public.city(name, country) VALUES ('Сочи', 1);
INSERT INTO public.city(name, country) VALUES ('Анапа', 1);
INSERT INTO public.city(name, country) VALUES ('Евпатория', 1);
INSERT INTO public.city(name, country) VALUES ('Барселона', 2);
INSERT INTO public.city(name, country) VALUES ('Ибица', 2);
INSERT INTO public.city(name, country) VALUES ('Порт де Соль', 2);
INSERT INTO public.city(name, country) VALUES ('Денпасар', 3);
INSERT INTO public.city(name, country) VALUES ('Банкок', 4);
INSERT INTO public.city(name, country) VALUES ('Патайа', 4);
INSERT INTO public.city(name, country) VALUES ('Пхукет', 4);
INSERT INTO public.city(name, country) VALUES ('Пекин', 5);
INSERT INTO public.city(name, country) VALUES ('Шэньчжэнь', 5);
INSERT INTO public.city(name, country) VALUES ('Гонконг', 5);
INSERT INTO public.city(name, country) VALUES ('Гуанчжоу', 5);
INSERT INTO public.city(name, country) VALUES ('Харбин', 5);
INSERT INTO public.city(name, country) VALUES ('Макао', 5);

INSERT INTO public.entertainment(name) VALUES ('отдых');
INSERT INTO public.entertainment(name) VALUES ('экскурсии');
INSERT INTO public.entertainment(name) VALUES ('туризм');
INSERT INTO public.entertainment(name) VALUES ('бассейн');
INSERT INTO public.entertainment(name) VALUES ('всё включено');

INSERT INTO public.permit(city, cost, rating) VALUES (1, 10000, 4);
INSERT INTO public.permit(city, cost, rating) VALUES (2, 90000, 8);
INSERT INTO public.permit(city, cost, rating) VALUES (3, 70000, 6);
INSERT INTO public.permit(city, cost, rating) VALUES (4, 75000, 6);
INSERT INTO public.permit(city, cost, rating) VALUES (5, 130000, 9);
INSERT INTO public.permit(city, cost, rating) VALUES (6, 90000, 7);
INSERT INTO public.permit(city, cost, rating) VALUES (7, 300000, 10);
INSERT INTO public.permit(city, cost, rating) VALUES (8, 250000, 8);
INSERT INTO public.permit(city, cost, rating) VALUES (9, 90000, 4);
INSERT INTO public.permit(city, cost, rating) VALUES (10, 80000, 7);
INSERT INTO public.permit(city, cost, rating) VALUES (11, 120000, 8);
INSERT INTO public.permit(city, cost, rating) VALUES (12, 100000, 6);
INSERT INTO public.permit(city, cost, rating) VALUES (13, 90000, 3);
INSERT INTO public.permit(city, cost, rating) VALUES (14, 80000, 7);
INSERT INTO public.permit(city, cost, rating) VALUES (15, 70000, 8);
INSERT INTO public.permit(city, cost, rating) VALUES (16, 80000, 6);
INSERT INTO public.permit(city, cost, rating) VALUES (17, 50000, 5);

INSERT INTO public.entertainment_permit(permit, entertainment) VALUES (1, 1);
INSERT INTO public.entertainment_permit(permit, entertainment) VALUES (1, 2);
INSERT INTO public.entertainment_permit(permit, entertainment) VALUES (1, 3);
INSERT INTO public.entertainment_permit(permit, entertainment) VALUES (2, 1);
INSERT INTO public.entertainment_permit(permit, entertainment) VALUES (2, 2);
INSERT INTO public.entertainment_permit(permit, entertainment) VALUES (2, 3);
INSERT INTO public.entertainment_permit(permit, entertainment) VALUES (2, 4);
INSERT INTO public.entertainment_permit(permit, entertainment) VALUES (3, 1);
INSERT INTO public.entertainment_permit(permit, entertainment) VALUES (3, 2);
INSERT INTO public.entertainment_permit(permit, entertainment) VALUES (3, 3);
INSERT INTO public.entertainment_permit(permit, entertainment) VALUES (3, 5);
INSERT INTO public.entertainment_permit(permit, entertainment) VALUES (4, 1);
INSERT INTO public.entertainment_permit(permit, entertainment) VALUES (4, 2);
INSERT INTO public.entertainment_permit(permit, entertainment) VALUES (4, 4);
INSERT INTO public.entertainment_permit(permit, entertainment) VALUES (5, 5);
INSERT INTO public.entertainment_permit(permit, entertainment) VALUES (6, 2);
INSERT INTO public.entertainment_permit(permit, entertainment) VALUES (6, 3);
INSERT INTO public.entertainment_permit(permit, entertainment) VALUES (6, 4);
INSERT INTO public.entertainment_permit(permit, entertainment) VALUES (7, 1);
INSERT INTO public.entertainment_permit(permit, entertainment) VALUES (7, 3);
INSERT INTO public.entertainment_permit(permit, entertainment) VALUES (7, 4);
INSERT INTO public.entertainment_permit(permit, entertainment) VALUES (8, 1);
INSERT INTO public.entertainment_permit(permit, entertainment) VALUES (8, 5);
INSERT INTO public.entertainment_permit(permit, entertainment) VALUES (9, 2);
INSERT INTO public.entertainment_permit(permit, entertainment) VALUES (9, 3);
INSERT INTO public.entertainment_permit(permit, entertainment) VALUES (10, 2);
INSERT INTO public.entertainment_permit(permit, entertainment) VALUES (10, 3);
INSERT INTO public.entertainment_permit(permit, entertainment) VALUES (10, 4);
INSERT INTO public.entertainment_permit(permit, entertainment) VALUES (11, 1);
INSERT INTO public.entertainment_permit(permit, entertainment) VALUES (11, 4);
INSERT INTO public.entertainment_permit(permit, entertainment) VALUES (11, 5);
INSERT INTO public.entertainment_permit(permit, entertainment) VALUES (12, 4);
INSERT INTO public.entertainment_permit(permit, entertainment) VALUES (13, 1);
INSERT INTO public.entertainment_permit(permit, entertainment) VALUES (13, 2);
INSERT INTO public.entertainment_permit(permit, entertainment) VALUES (13, 3);
INSERT INTO public.entertainment_permit(permit, entertainment) VALUES (13, 4);
INSERT INTO public.entertainment_permit(permit, entertainment) VALUES (13, 5);
INSERT INTO public.entertainment_permit(permit, entertainment) VALUES (14, 1);
INSERT INTO public.entertainment_permit(permit, entertainment) VALUES (14, 4);
INSERT INTO public.entertainment_permit(permit, entertainment) VALUES (14, 5);
INSERT INTO public.entertainment_permit(permit, entertainment) VALUES (15, 2);
INSERT INTO public.entertainment_permit(permit, entertainment) VALUES (15, 3);
INSERT INTO public.entertainment_permit(permit, entertainment) VALUES (16, 1);
INSERT INTO public.entertainment_permit(permit, entertainment) VALUES (16, 4);
INSERT INTO public.entertainment_permit(permit, entertainment) VALUES (17, 1);
INSERT INTO public.entertainment_permit(permit, entertainment) VALUES (17, 2);

